-- phpMyAdmin SQL Dump
-- version 4.8.4
-- https://www.phpmyadmin.net/
--
-- Host: 127.0.0.1
-- Generation Time: Jul 16, 2019 at 04:46 PM
-- Server version: 10.1.37-MariaDB
-- PHP Version: 5.6.40

SET SQL_MODE = "NO_AUTO_VALUE_ON_ZERO";
SET AUTOCOMMIT = 0;
START TRANSACTION;
SET time_zone = "+00:00";


/*!40101 SET @OLD_CHARACTER_SET_CLIENT=@@CHARACTER_SET_CLIENT */;
/*!40101 SET @OLD_CHARACTER_SET_RESULTS=@@CHARACTER_SET_RESULTS */;
/*!40101 SET @OLD_COLLATION_CONNECTION=@@COLLATION_CONNECTION */;
/*!40101 SET NAMES utf8mb4 */;

--
-- Database: `newdb`
--

-- --------------------------------------------------------

--
-- Table structure for table `admin1`
--

CREATE TABLE `admin1` (
  `id` int(11) NOT NULL,
  `username` varchar(255) NOT NULL,
  `password` varchar(255) NOT NULL,
  `role` int(11) NOT NULL,
  `ins_id` int(11) NOT NULL,
  `fac_id` int(11) NOT NULL,
  `course_id` int(11) NOT NULL,
  `name` varchar(255) NOT NULL,
  `status` enum('active','inactive') NOT NULL DEFAULT 'active',
  `created_date` datetime NOT NULL,
  `updated_date` datetime NOT NULL
) ENGINE=InnoDB DEFAULT CHARSET=latin1;

--
-- Dumping data for table `admin1`
--

INSERT INTO `admin1` (`id`, `username`, `password`, `role`, `ins_id`, `fac_id`, `course_id`, `name`, `status`, `created_date`, `updated_date`) VALUES
(1, 'admin@splat.com', '123', 1, 1, 1, 1, 'Administrator', 'active', '2017-08-17 00:00:00', '2017-08-17 00:00:00'),
(2, 'suresh@gmail.com', 'test', 1, 1, 1, 1, 'sureshrampaul', 'active', '0000-00-00 00:00:00', '0000-00-00 00:00:00'),
(3, 'kalai@gmail.com', '1234', 2, 1, 1, 1, 'test', 'active', '2017-09-26 19:38:25', '2017-09-26 19:38:25'),
(4, 'dsfsfds', 'dsfdsfsd', 1, 3, 1, 1, 'dsfdsfsdf', 'active', '2017-09-27 20:48:37', '2017-09-27 20:48:37');

-- --------------------------------------------------------

--
-- Table structure for table `assess`
--

CREATE TABLE `assess` (
  `id` int(11) NOT NULL,
  `question` int(11) NOT NULL,
  `from_user` int(11) NOT NULL,
  `to_user` int(11) NOT NULL,
  `project` int(11) NOT NULL,
  `value` text NOT NULL,
  `grp_id` int(11) NOT NULL,
  `submitted_at` datetime DEFAULT CURRENT_TIMESTAMP
) ENGINE=InnoDB DEFAULT CHARSET=latin1;

--
-- Dumping data for table `assess`
--

INSERT INTO `assess` (`id`, `question`, `from_user`, `to_user`, `project`, `value`, `grp_id`, `submitted_at`) VALUES
(1, 2, 420, 420, 1, '5', 2, '2019-05-05 20:45:45'),
(2, 2, 420, 427, 1, '8', 2, '2019-05-05 20:45:45'),
(3, 2, 420, 442, 1, '9', 2, '2019-05-05 20:45:45'),
(4, 1, 420, 467, 1, '8', 2, '2019-05-05 20:45:45'),
(5, 2, 420, 475, 1, '9', 2, '2019-05-05 20:45:45'),
(6, 2, 420, 491, 1, '8', 2, '2019-05-05 20:45:45'),
(7, 2, 420, 510, 1, '9', 2, '2019-05-05 20:45:45'),
(8, 1, 420, 420, 1, '7', 2, '2019-05-05 20:45:46'),
(9, 1, 420, 427, 1, '8', 2, '2019-05-05 20:45:46'),
(10, 1, 420, 442, 1, '9', 2, '2019-05-05 20:45:46'),
(11, 2, 420, 467, 1, '10', 2, '2019-05-05 20:45:46'),
(12, 1, 420, 475, 1, '8', 2, '2019-05-05 20:45:46'),
(13, 1, 420, 491, 1, '8', 2, '2019-05-05 20:45:46'),
(14, 1, 420, 510, 1, '10', 2, '2019-05-05 20:45:46'),
(15, 2, 420, 527, 1, '1', 2, '2019-05-05 21:33:04'),
(16, 1, 420, 527, 1, '10', 2, '2019-05-05 21:33:04'),
(17, 1, 467, 442, 1, '9', 2, '2019-05-05 20:45:46'),
(18, 2, 467, 442, 1, '9', 2, '2019-05-05 20:45:45');

-- --------------------------------------------------------

--
-- Table structure for table `assess_comments`
--

CREATE TABLE `assess_comments` (
  `id` int(11) NOT NULL,
  `project` int(11) NOT NULL,
  `from_user` int(11) NOT NULL,
  `to_user` int(11) NOT NULL,
  `comments` text NOT NULL,
  `asses_id` int(11) NOT NULL
) ENGINE=InnoDB DEFAULT CHARSET=latin1;

-- --------------------------------------------------------

--
-- Table structure for table `courses`
--

CREATE TABLE `courses` (
  `id` int(11) NOT NULL,
  `name` varchar(255) NOT NULL,
  `type` int(11) DEFAULT NULL,
  `course_type` varchar(100) NOT NULL,
  `course_level` varchar(50) DEFAULT NULL,
  `institution` int(11) NOT NULL,
  `faculty` int(11) NOT NULL,
  `department` int(11) NOT NULL,
  `year` varchar(20) NOT NULL,
  `description` text NOT NULL,
  `status` enum('active','inactive') NOT NULL DEFAULT 'active',
  `anonymous` tinyint(3) DEFAULT NULL,
  `created_by` int(11) NOT NULL,
  `created_date` datetime NOT NULL,
  `updated_date` datetime NOT NULL
) ENGINE=InnoDB DEFAULT CHARSET=latin1;

--
-- Dumping data for table `courses`
--

INSERT INTO `courses` (`id`, `name`, `type`, `course_type`, `course_level`, `institution`, `faculty`, `department`, `year`, `description`, `status`, `anonymous`, `created_by`, `created_date`, `updated_date`) VALUES
(1, 'Test Course', NULL, 'MA', '1', 1, 1, 0, 'Jun-2019', 'Test Description', 'active', 2, 529, '2019-06-03 18:53:57', '2019-06-03 18:53:57');

-- --------------------------------------------------------

--
-- Table structure for table `course_types`
--

CREATE TABLE `course_types` (
  `id` int(11) NOT NULL,
  `name` varchar(255) NOT NULL,
  `status` enum('active','inactive') NOT NULL DEFAULT 'active'
) ENGINE=InnoDB DEFAULT CHARSET=latin1;

--
-- Dumping data for table `course_types`
--

INSERT INTO `course_types` (`id`, `name`, `status`) VALUES
(1, 'MA (Hons)', 'active'),
(2, 'BA (Hons)', 'active');

-- --------------------------------------------------------

--
-- Table structure for table `delete_custom_question`
--

CREATE TABLE `delete_custom_question` (
  `id` int(11) NOT NULL,
  `question_id` int(11) NOT NULL,
  `course_id` int(11) NOT NULL
) ENGINE=InnoDB DEFAULT CHARSET=latin1;

-- --------------------------------------------------------

--
-- Table structure for table `departments`
--

CREATE TABLE `departments` (
  `id` int(11) NOT NULL,
  `name` varchar(255) NOT NULL,
  `status` enum('active','inactive') NOT NULL DEFAULT 'active'
) ENGINE=InnoDB DEFAULT CHARSET=latin1;

-- --------------------------------------------------------

--
-- Table structure for table `faculties`
--

CREATE TABLE `faculties` (
  `id` int(11) NOT NULL,
  `name` varchar(255) NOT NULL,
  `institution` int(11) NOT NULL,
  `description` text NOT NULL,
  `status` enum('active','inactive') NOT NULL DEFAULT 'active',
  `created_by` int(11) NOT NULL,
  `created_date` datetime NOT NULL,
  `updated_date` datetime NOT NULL
) ENGINE=InnoDB DEFAULT CHARSET=latin1;

--
-- Dumping data for table `faculties`
--

INSERT INTO `faculties` (`id`, `name`, `institution`, `description`, `status`, `created_by`, `created_date`, `updated_date`) VALUES
(1, 'Test Faculty', 1, 'Description', 'active', 28, '2019-04-09 17:41:48', '2019-04-09 17:41:48');

-- --------------------------------------------------------

--
-- Table structure for table `groups`
--

CREATE TABLE `groups` (
  `id` int(11) NOT NULL,
  `name` varchar(255) NOT NULL,
  `course_id` int(11) NOT NULL,
  `status` enum('active','inactive','locked') NOT NULL DEFAULT 'active',
  `created_date` datetime NOT NULL,
  `updated_date` datetime NOT NULL
) ENGINE=MyISAM DEFAULT CHARSET=latin1;

--
-- Dumping data for table `groups`
--

INSERT INTO `groups` (`id`, `name`, `course_id`, `status`, `created_date`, `updated_date`) VALUES
(1, 'MPRD5068 17/09/18-27/01/19 - Group B2,MPRD5068 17/09/18-27/01/19 - Group C1', 1, 'active', '2019-04-09 18:00:39', '2019-04-09 18:00:39'),
(2, 'MPRD5068 17/09/18-27/01/19 - Group B1', 1, 'active', '2019-04-09 18:00:39', '2019-04-09 18:00:39'),
(3, 'MPRD5068 17/09/18-27/01/19 - Group A1', 1, 'active', '2019-04-09 18:00:39', '2019-04-09 18:00:39'),
(4, 'MPRD5068 17/09/18-27/01/19 - Group D1', 1, 'active', '2019-04-09 18:00:39', '2019-04-09 18:00:39'),
(5, 'MPRD5068 17/09/18-27/01/19 - Group A2', 1, 'active', '2019-04-09 18:00:39', '2019-04-09 18:00:39'),
(6, 'MPRD5068 17/09/18-27/01/19 - Group C1', 1, 'active', '2019-04-09 18:00:39', '2019-04-09 18:00:39'),
(7, 'MPRD5068 17/09/18-27/01/19 - Group F1', 1, 'active', '2019-04-09 18:00:39', '2019-04-09 18:00:39'),
(8, 'MPRD5068 17/09/18-27/01/19 - Group G1', 1, 'active', '2019-04-09 18:00:39', '2019-04-09 18:00:39'),
(9, 'MPRD5068 17/09/18-27/01/19 - Group C2', 1, 'active', '2019-04-09 18:00:39', '2019-04-09 18:00:39'),
(10, 'MPRD5068 17/09/18-27/01/19 - Group D2', 1, 'active', '2019-04-09 18:00:39', '2019-04-09 18:00:39'),
(11, 'MPRD5068 17/09/18-27/01/19 - Group E2', 1, 'active', '2019-04-09 18:00:39', '2019-04-09 18:00:39'),
(12, 'MPRD5068 17/09/18-27/01/19 - Group H1', 1, 'active', '2019-04-09 18:00:39', '2019-04-09 18:00:39'),
(13, 'MPRD5068 17/09/18-27/01/19 - Group F2', 1, 'active', '2019-04-09 18:00:39', '2019-04-09 18:00:39'),
(14, 'MPRD5068 17/09/18-27/01/19 - Group G2', 1, 'active', '2019-04-09 18:00:39', '2019-04-09 18:00:39'),
(15, 'MPRD5068 17/09/18-27/01/19 - Group E1', 1, 'active', '2019-04-09 18:00:39', '2019-04-09 18:00:39'),
(16, 'MPRD5068 17/09/18-27/01/19 - Group B2', 1, 'active', '2019-04-09 18:00:39', '2019-04-09 18:00:39');

-- --------------------------------------------------------

--
-- Table structure for table `group_users`
--

CREATE TABLE `group_users` (
  `id` int(11) NOT NULL,
  `user_id` int(11) NOT NULL,
  `group_id` int(11) NOT NULL,
  `status` enum('active','inactive') NOT NULL DEFAULT 'active',
  `created_date` datetime DEFAULT CURRENT_TIMESTAMP,
  `updated_date` datetime DEFAULT CURRENT_TIMESTAMP
) ENGINE=MyISAM DEFAULT CHARSET=latin1;

--
-- Dumping data for table `group_users`
--

INSERT INTO `group_users` (`id`, `user_id`, `group_id`, `status`, `created_date`, `updated_date`) VALUES
(1, 419, 1, 'active', '2019-05-05 03:34:56', '2019-05-05 03:34:56'),
(2, 420, 2, 'active', '2019-05-05 03:34:56', '2019-05-05 03:34:56'),
(3, 421, 3, 'active', '2019-05-05 03:34:56', '2019-05-05 03:34:56'),
(4, 422, 4, 'active', '2019-05-05 03:34:56', '2019-05-05 03:34:56'),
(5, 423, 5, 'active', '2019-05-05 03:34:56', '2019-05-05 03:34:56'),
(6, 424, 6, 'active', '2019-05-05 03:34:56', '2019-05-05 03:34:56'),
(7, 425, 6, 'active', '2019-05-05 03:34:56', '2019-05-05 03:34:56'),
(8, 426, 7, 'active', '2019-05-05 03:34:56', '2019-05-05 03:34:56'),
(9, 427, 2, 'active', '2019-05-05 03:34:56', '2019-05-05 03:34:56'),
(10, 428, 7, 'active', '2019-05-05 03:34:56', '2019-05-05 03:34:56'),
(11, 429, 7, 'active', '2019-05-05 03:34:56', '2019-05-05 03:34:56'),
(12, 430, 8, 'active', '2019-05-05 03:34:56', '2019-05-05 03:34:56'),
(13, 431, 9, 'active', '2019-05-05 03:34:56', '2019-05-05 03:34:56'),
(14, 432, 10, 'active', '2019-05-05 03:34:56', '2019-05-05 03:34:56'),
(15, 433, 4, 'active', '2019-05-05 03:34:56', '2019-05-05 03:34:56'),
(16, 434, 5, 'active', '2019-05-05 03:34:56', '2019-05-05 03:34:56'),
(17, 435, 7, 'active', '2019-05-05 03:34:56', '2019-05-05 03:34:56'),
(18, 436, 11, 'active', '2019-05-05 03:34:56', '2019-05-05 03:34:56'),
(19, 437, 12, 'active', '2019-05-05 03:34:56', '2019-05-05 03:34:56'),
(20, 438, 13, 'active', '2019-05-05 03:34:56', '2019-05-05 03:34:56'),
(21, 439, 10, 'active', '2019-05-05 03:34:56', '2019-05-05 03:34:56'),
(22, 440, 10, 'active', '2019-05-05 03:34:56', '2019-05-05 03:34:56'),
(23, 441, 11, 'active', '2019-05-05 03:34:56', '2019-05-05 03:34:56'),
(24, 442, 2, 'active', '2019-05-05 03:34:56', '2019-05-05 03:34:56'),
(25, 443, 11, 'active', '2019-05-05 03:34:56', '2019-05-05 03:34:56'),
(26, 444, 4, 'active', '2019-05-05 03:34:56', '2019-05-05 03:34:56'),
(27, 445, 9, 'active', '2019-05-05 03:34:57', '2019-05-05 03:34:57'),
(28, 446, 11, 'active', '2019-05-05 03:34:57', '2019-05-05 03:34:57'),
(29, 447, 4, 'active', '2019-05-05 03:34:57', '2019-05-05 03:34:57'),
(30, 448, 3, 'active', '2019-05-05 03:34:57', '2019-05-05 03:34:57'),
(31, 449, 5, 'active', '2019-05-05 03:34:57', '2019-05-05 03:34:57'),
(32, 450, 14, 'active', '2019-05-05 03:34:57', '2019-05-05 03:34:57'),
(33, 451, 7, 'active', '2019-05-05 03:34:57', '2019-05-05 03:34:57'),
(34, 452, 14, 'active', '2019-05-05 03:34:57', '2019-05-05 03:34:57'),
(35, 453, 6, 'active', '2019-05-05 03:34:57', '2019-05-05 03:34:57'),
(36, 454, 15, 'active', '2019-05-05 03:34:57', '2019-05-05 03:34:57'),
(37, 455, 15, 'active', '2019-05-05 03:34:57', '2019-05-05 03:34:57'),
(38, 456, 12, 'active', '2019-05-05 03:34:57', '2019-05-05 03:34:57'),
(39, 457, 4, 'active', '2019-05-05 03:34:57', '2019-05-05 03:34:57'),
(40, 458, 8, 'active', '2019-05-05 03:34:57', '2019-05-05 03:34:57'),
(41, 459, 7, 'active', '2019-05-05 03:34:57', '2019-05-05 03:34:57'),
(42, 460, 13, 'active', '2019-05-05 03:34:57', '2019-05-05 03:34:57'),
(43, 461, 13, 'active', '2019-05-05 03:34:57', '2019-05-05 03:34:57'),
(44, 462, 16, 'active', '2019-05-05 03:34:57', '2019-05-05 03:34:57'),
(45, 464, 12, 'active', '2019-05-05 03:34:57', '2019-05-05 03:34:57'),
(46, 465, 8, 'active', '2019-05-05 03:34:57', '2019-05-05 03:34:57'),
(47, 466, 4, 'active', '2019-05-05 03:34:57', '2019-05-05 03:34:57'),
(48, 467, 2, 'active', '2019-05-05 03:34:57', '2019-05-05 03:34:57'),
(49, 468, 3, 'active', '2019-05-05 03:34:57', '2019-05-05 03:34:57'),
(50, 469, 16, 'active', '2019-05-05 03:34:57', '2019-05-05 03:34:57'),
(51, 470, 9, 'active', '2019-05-05 03:34:57', '2019-05-05 03:34:57'),
(52, 471, 4, 'active', '2019-05-05 03:34:57', '2019-05-05 03:34:57'),
(53, 472, 5, 'active', '2019-05-05 03:34:57', '2019-05-05 03:34:57'),
(54, 473, 9, 'active', '2019-05-05 03:34:57', '2019-05-05 03:34:57'),
(55, 474, 12, 'active', '2019-05-05 03:34:57', '2019-05-05 03:34:57'),
(56, 475, 2, 'active', '2019-05-05 03:34:57', '2019-05-05 03:34:57'),
(57, 476, 11, 'active', '2019-05-05 03:34:57', '2019-05-05 03:34:57'),
(58, 477, 6, 'active', '2019-05-05 03:34:57', '2019-05-05 03:34:57'),
(59, 478, 8, 'active', '2019-05-05 03:34:57', '2019-05-05 03:34:57'),
(60, 479, 3, 'active', '2019-05-05 03:34:57', '2019-05-05 03:34:57'),
(61, 480, 16, 'active', '2019-05-05 03:34:57', '2019-05-05 03:34:57'),
(62, 481, 14, 'active', '2019-05-05 03:34:57', '2019-05-05 03:34:57'),
(63, 482, 4, 'active', '2019-05-05 03:34:57', '2019-05-05 03:34:57'),
(64, 483, 13, 'active', '2019-05-05 03:34:57', '2019-05-05 03:34:57'),
(65, 484, 8, 'active', '2019-05-05 03:34:57', '2019-05-05 03:34:57'),
(66, 485, 15, 'active', '2019-05-05 03:34:57', '2019-05-05 03:34:57'),
(67, 486, 15, 'active', '2019-05-05 03:34:57', '2019-05-05 03:34:57'),
(68, 487, 8, 'active', '2019-05-05 03:34:57', '2019-05-05 03:34:57'),
(69, 488, 12, 'active', '2019-05-05 03:34:57', '2019-05-05 03:34:57'),
(70, 489, 16, 'active', '2019-05-05 03:34:57', '2019-05-05 03:34:57'),
(71, 490, 13, 'active', '2019-05-05 03:34:57', '2019-05-05 03:34:57'),
(72, 491, 2, 'active', '2019-05-05 03:34:57', '2019-05-05 03:34:57'),
(73, 492, 13, 'active', '2019-05-05 03:34:57', '2019-05-05 03:34:57'),
(74, 493, 3, 'active', '2019-05-05 03:34:57', '2019-05-05 03:34:57'),
(75, 494, 9, 'active', '2019-05-05 03:34:57', '2019-05-05 03:34:57'),
(76, 495, 11, 'active', '2019-05-05 03:34:57', '2019-05-05 03:34:57'),
(77, 496, 14, 'active', '2019-05-05 03:34:57', '2019-05-05 03:34:57'),
(78, 497, 8, 'active', '2019-05-05 03:34:57', '2019-05-05 03:34:57'),
(79, 498, 12, 'active', '2019-05-05 03:34:57', '2019-05-05 03:34:57'),
(80, 499, 11, 'active', '2019-05-05 03:34:57', '2019-05-05 03:34:57'),
(81, 500, 9, 'active', '2019-05-05 03:34:57', '2019-05-05 03:34:57'),
(83, 502, 10, 'active', '2019-05-05 03:34:57', '2019-05-05 03:34:57'),
(84, 503, 3, 'active', '2019-05-05 03:34:57', '2019-05-05 03:34:57'),
(85, 504, 7, 'active', '2019-05-05 03:34:57', '2019-05-05 03:34:57'),
(86, 505, 16, 'active', '2019-05-05 03:34:57', '2019-05-05 03:34:57'),
(87, 506, 3, 'active', '2019-05-05 03:34:57', '2019-05-05 03:34:57'),
(88, 507, 15, 'active', '2019-05-05 03:34:57', '2019-05-05 03:34:57'),
(89, 508, 10, 'active', '2019-05-05 03:34:57', '2019-05-05 03:34:57'),
(90, 509, 10, 'active', '2019-05-05 03:34:57', '2019-05-05 03:34:57'),
(91, 510, 2, 'active', '2019-05-05 03:34:57', '2019-05-05 03:34:57'),
(92, 511, 10, 'active', '2019-05-05 03:34:57', '2019-05-05 03:34:57'),
(93, 512, 12, 'active', '2019-05-05 03:34:57', '2019-05-05 03:34:57'),
(95, 514, 13, 'active', '2019-05-05 03:34:57', '2019-05-05 03:34:57'),
(96, 515, 14, 'active', '2019-05-05 03:34:57', '2019-05-05 03:34:57'),
(97, 516, 5, 'active', '2019-05-05 03:34:57', '2019-05-05 03:34:57'),
(98, 517, 8, 'active', '2019-05-05 03:34:57', '2019-05-05 03:34:57'),
(99, 518, 15, 'active', '2019-05-05 03:34:57', '2019-05-05 03:34:57'),
(100, 519, 6, 'active', '2019-05-05 03:34:57', '2019-05-05 03:34:57'),
(101, 520, 14, 'active', '2019-05-05 03:34:57', '2019-05-05 03:34:57'),
(102, 521, 14, 'active', '2019-05-05 03:34:57', '2019-05-05 03:34:57'),
(103, 522, 5, 'active', '2019-05-05 03:34:57', '2019-05-05 03:34:57'),
(107, 526, 5, 'active', '2019-05-05 03:34:57', '2019-05-05 03:34:57'),
(108, 419, 1, 'active', '2019-05-05 03:39:59', '2019-05-05 03:39:59'),
(109, 420, 2, 'active', '2019-05-05 03:39:59', '2019-05-05 03:39:59'),
(110, 421, 3, 'active', '2019-05-05 03:39:59', '2019-05-05 03:39:59'),
(111, 422, 4, 'active', '2019-05-05 03:39:59', '2019-05-05 03:39:59'),
(112, 423, 5, 'active', '2019-05-05 03:39:59', '2019-05-05 03:39:59'),
(113, 424, 6, 'active', '2019-05-05 03:39:59', '2019-05-05 03:39:59'),
(114, 425, 6, 'active', '2019-05-05 03:39:59', '2019-05-05 03:39:59'),
(115, 426, 7, 'active', '2019-05-05 03:39:59', '2019-05-05 03:39:59'),
(116, 427, 2, 'active', '2019-05-05 03:39:59', '2019-05-05 03:39:59'),
(117, 428, 7, 'active', '2019-05-05 03:39:59', '2019-05-05 03:39:59'),
(118, 429, 7, 'active', '2019-05-05 03:39:59', '2019-05-05 03:39:59'),
(119, 430, 8, 'active', '2019-05-05 03:39:59', '2019-05-05 03:39:59'),
(120, 431, 9, 'active', '2019-05-05 03:39:59', '2019-05-05 03:39:59'),
(121, 432, 10, 'active', '2019-05-05 03:39:59', '2019-05-05 03:39:59'),
(122, 433, 4, 'active', '2019-05-05 03:39:59', '2019-05-05 03:39:59'),
(123, 434, 5, 'active', '2019-05-05 03:39:59', '2019-05-05 03:39:59'),
(124, 435, 7, 'active', '2019-05-05 03:39:59', '2019-05-05 03:39:59'),
(125, 436, 11, 'active', '2019-05-05 03:39:59', '2019-05-05 03:39:59'),
(126, 437, 12, 'active', '2019-05-05 03:39:59', '2019-05-05 03:39:59'),
(127, 438, 13, 'active', '2019-05-05 03:39:59', '2019-05-05 03:39:59'),
(128, 439, 10, 'active', '2019-05-05 03:39:59', '2019-05-05 03:39:59'),
(129, 440, 10, 'active', '2019-05-05 03:39:59', '2019-05-05 03:39:59'),
(130, 441, 11, 'active', '2019-05-05 03:39:59', '2019-05-05 03:39:59'),
(131, 442, 2, 'active', '2019-05-05 03:39:59', '2019-05-05 03:39:59'),
(132, 443, 11, 'active', '2019-05-05 03:39:59', '2019-05-05 03:39:59'),
(133, 444, 4, 'active', '2019-05-05 03:39:59', '2019-05-05 03:39:59'),
(134, 445, 9, 'active', '2019-05-05 03:39:59', '2019-05-05 03:39:59'),
(135, 446, 11, 'active', '2019-05-05 03:39:59', '2019-05-05 03:39:59'),
(136, 447, 4, 'active', '2019-05-05 03:39:59', '2019-05-05 03:39:59'),
(137, 448, 3, 'active', '2019-05-05 03:39:59', '2019-05-05 03:39:59'),
(138, 449, 5, 'active', '2019-05-05 03:39:59', '2019-05-05 03:39:59'),
(139, 450, 14, 'active', '2019-05-05 03:39:59', '2019-05-05 03:39:59'),
(140, 451, 7, 'active', '2019-05-05 03:39:59', '2019-05-05 03:39:59'),
(141, 452, 14, 'active', '2019-05-05 03:39:59', '2019-05-05 03:39:59'),
(142, 453, 6, 'active', '2019-05-05 03:39:59', '2019-05-05 03:39:59'),
(143, 454, 15, 'active', '2019-05-05 03:39:59', '2019-05-05 03:39:59'),
(144, 455, 15, 'active', '2019-05-05 03:39:59', '2019-05-05 03:39:59'),
(145, 456, 12, 'active', '2019-05-05 03:39:59', '2019-05-05 03:39:59'),
(146, 457, 4, 'active', '2019-05-05 03:39:59', '2019-05-05 03:39:59'),
(147, 458, 8, 'active', '2019-05-05 03:39:59', '2019-05-05 03:39:59'),
(148, 459, 7, 'active', '2019-05-05 03:39:59', '2019-05-05 03:39:59'),
(149, 460, 13, 'active', '2019-05-05 03:39:59', '2019-05-05 03:39:59'),
(150, 461, 13, 'active', '2019-05-05 03:40:00', '2019-05-05 03:40:00'),
(151, 462, 16, 'active', '2019-05-05 03:40:00', '2019-05-05 03:40:00'),
(152, 464, 12, 'active', '2019-05-05 03:40:00', '2019-05-05 03:40:00'),
(153, 465, 8, 'active', '2019-05-05 03:40:00', '2019-05-05 03:40:00'),
(154, 466, 4, 'active', '2019-05-05 03:40:00', '2019-05-05 03:40:00'),
(155, 467, 2, 'active', '2019-05-05 03:40:00', '2019-05-05 03:40:00'),
(156, 468, 3, 'active', '2019-05-05 03:40:00', '2019-05-05 03:40:00'),
(157, 469, 16, 'active', '2019-05-05 03:40:00', '2019-05-05 03:40:00'),
(158, 470, 9, 'active', '2019-05-05 03:40:00', '2019-05-05 03:40:00'),
(159, 471, 4, 'active', '2019-05-05 03:40:00', '2019-05-05 03:40:00'),
(160, 472, 5, 'active', '2019-05-05 03:40:00', '2019-05-05 03:40:00'),
(161, 473, 9, 'active', '2019-05-05 03:40:00', '2019-05-05 03:40:00'),
(162, 474, 12, 'active', '2019-05-05 03:40:00', '2019-05-05 03:40:00'),
(163, 475, 2, 'active', '2019-05-05 03:40:00', '2019-05-05 03:40:00'),
(164, 476, 11, 'active', '2019-05-05 03:40:00', '2019-05-05 03:40:00'),
(165, 477, 6, 'active', '2019-05-05 03:40:00', '2019-05-05 03:40:00'),
(166, 478, 8, 'active', '2019-05-05 03:40:00', '2019-05-05 03:40:00'),
(167, 479, 3, 'active', '2019-05-05 03:40:00', '2019-05-05 03:40:00'),
(168, 480, 16, 'active', '2019-05-05 03:40:00', '2019-05-05 03:40:00'),
(169, 481, 14, 'active', '2019-05-05 03:40:00', '2019-05-05 03:40:00'),
(170, 482, 4, 'active', '2019-05-05 03:40:00', '2019-05-05 03:40:00'),
(171, 483, 13, 'active', '2019-05-05 03:40:00', '2019-05-05 03:40:00'),
(172, 484, 8, 'active', '2019-05-05 03:40:00', '2019-05-05 03:40:00'),
(173, 485, 15, 'active', '2019-05-05 03:40:00', '2019-05-05 03:40:00'),
(174, 486, 15, 'active', '2019-05-05 03:40:00', '2019-05-05 03:40:00'),
(175, 487, 8, 'active', '2019-05-05 03:40:00', '2019-05-05 03:40:00'),
(176, 488, 12, 'active', '2019-05-05 03:40:00', '2019-05-05 03:40:00'),
(177, 489, 16, 'active', '2019-05-05 03:40:00', '2019-05-05 03:40:00'),
(178, 490, 13, 'active', '2019-05-05 03:40:00', '2019-05-05 03:40:00'),
(179, 491, 2, 'active', '2019-05-05 03:40:00', '2019-05-05 03:40:00'),
(180, 492, 13, 'active', '2019-05-05 03:40:00', '2019-05-05 03:40:00'),
(181, 493, 3, 'active', '2019-05-05 03:40:00', '2019-05-05 03:40:00'),
(182, 494, 9, 'active', '2019-05-05 03:40:00', '2019-05-05 03:40:00'),
(183, 495, 11, 'active', '2019-05-05 03:40:00', '2019-05-05 03:40:00'),
(184, 496, 14, 'active', '2019-05-05 03:40:00', '2019-05-05 03:40:00'),
(185, 497, 8, 'active', '2019-05-05 03:40:00', '2019-05-05 03:40:00'),
(186, 498, 12, 'active', '2019-05-05 03:40:00', '2019-05-05 03:40:00'),
(187, 499, 11, 'active', '2019-05-05 03:40:00', '2019-05-05 03:40:00'),
(188, 500, 9, 'active', '2019-05-05 03:40:00', '2019-05-05 03:40:00'),
(190, 502, 10, 'active', '2019-05-05 03:40:00', '2019-05-05 03:40:00'),
(191, 503, 3, 'active', '2019-05-05 03:40:00', '2019-05-05 03:40:00'),
(192, 504, 7, 'active', '2019-05-05 03:40:00', '2019-05-05 03:40:00'),
(193, 505, 16, 'active', '2019-05-05 03:40:00', '2019-05-05 03:40:00'),
(194, 506, 3, 'active', '2019-05-05 03:40:00', '2019-05-05 03:40:00'),
(195, 507, 15, 'active', '2019-05-05 03:40:00', '2019-05-05 03:40:00'),
(196, 508, 10, 'active', '2019-05-05 03:40:00', '2019-05-05 03:40:00'),
(197, 509, 10, 'active', '2019-05-05 03:40:00', '2019-05-05 03:40:00'),
(198, 510, 2, 'active', '2019-05-05 03:40:00', '2019-05-05 03:40:00'),
(199, 511, 10, 'active', '2019-05-05 03:40:00', '2019-05-05 03:40:00'),
(200, 512, 12, 'active', '2019-05-05 03:40:00', '2019-05-05 03:40:00'),
(202, 514, 13, 'active', '2019-05-05 03:40:00', '2019-05-05 03:40:00'),
(203, 515, 14, 'active', '2019-05-05 03:40:00', '2019-05-05 03:40:00'),
(204, 516, 5, 'active', '2019-05-05 03:40:00', '2019-05-05 03:40:00'),
(205, 517, 8, 'active', '2019-05-05 03:40:00', '2019-05-05 03:40:00'),
(206, 518, 15, 'active', '2019-05-05 03:40:00', '2019-05-05 03:40:00'),
(207, 519, 6, 'active', '2019-05-05 03:40:00', '2019-05-05 03:40:00'),
(208, 520, 14, 'active', '2019-05-05 03:40:00', '2019-05-05 03:40:00'),
(209, 521, 14, 'active', '2019-05-05 03:40:00', '2019-05-05 03:40:00'),
(210, 522, 5, 'active', '2019-05-05 03:40:00', '2019-05-05 03:40:00'),
(214, 526, 5, 'active', '2019-05-05 03:40:00', '2019-05-05 03:40:00'),
(215, 527, 2, 'active', '2019-05-05 21:14:11', '2019-05-05 21:14:11');

-- --------------------------------------------------------

--
-- Table structure for table `institutions`
--

CREATE TABLE `institutions` (
  `id` int(11) NOT NULL,
  `name` varchar(255) NOT NULL,
  `description` text NOT NULL,
  `status` enum('active','inactive') NOT NULL DEFAULT 'active',
  `created_by` int(11) NOT NULL,
  `created_date` datetime NOT NULL,
  `updated_date` datetime NOT NULL
) ENGINE=InnoDB DEFAULT CHARSET=latin1;

--
-- Dumping data for table `institutions`
--

INSERT INTO `institutions` (`id`, `name`, `description`, `status`, `created_by`, `created_date`, `updated_date`) VALUES
(1, 'Bournemouth University', 'Bournemouth University', 'active', 1, '2017-09-25 16:57:20', '2017-09-25 16:57:20');

-- --------------------------------------------------------

--
-- Table structure for table `institution_user`
--

CREATE TABLE `institution_user` (
  `id` int(11) NOT NULL,
  `user_id` int(11) NOT NULL,
  `prj_id` int(11) NOT NULL,
  `institution` int(11) NOT NULL,
  `faculty` int(11) NOT NULL,
  `course` int(11) NOT NULL,
  `g_id` int(11) NOT NULL
) ENGINE=InnoDB DEFAULT CHARSET=latin1;

-- --------------------------------------------------------

--
-- Table structure for table `mail_send`
--

CREATE TABLE `mail_send` (
  `id` int(11) NOT NULL,
  `i_id` int(11) NOT NULL,
  `c_id` int(11) NOT NULL,
  `as_id` int(11) NOT NULL,
  `f_id` int(11) NOT NULL,
  `u_id` int(11) NOT NULL
) ENGINE=InnoDB DEFAULT CHARSET=latin1;

--
-- Dumping data for table `mail_send`
--

INSERT INTO `mail_send` (`id`, `i_id`, `c_id`, `as_id`, `f_id`, `u_id`) VALUES
(1, 1, 1, 1, 1, 419),
(2, 1, 1, 1, 1, 420),
(3, 1, 1, 1, 1, 421),
(4, 1, 1, 1, 1, 422),
(5, 1, 1, 1, 1, 423),
(6, 1, 1, 1, 1, 424),
(7, 1, 1, 1, 1, 425),
(8, 1, 1, 1, 1, 426),
(9, 1, 1, 1, 1, 427),
(10, 1, 1, 1, 1, 428),
(11, 1, 1, 1, 1, 429),
(12, 1, 1, 1, 1, 430),
(13, 1, 1, 1, 1, 431),
(14, 1, 1, 1, 1, 432),
(15, 1, 1, 1, 1, 433),
(16, 1, 1, 1, 1, 434),
(17, 1, 1, 1, 1, 435),
(18, 1, 1, 1, 1, 436),
(19, 1, 1, 1, 1, 437),
(20, 1, 1, 1, 1, 438),
(21, 1, 1, 1, 1, 439),
(22, 1, 1, 1, 1, 440),
(23, 1, 1, 1, 1, 441),
(24, 1, 1, 1, 1, 442),
(25, 1, 1, 1, 1, 443),
(26, 1, 1, 1, 1, 444),
(27, 1, 1, 1, 1, 445),
(28, 1, 1, 1, 1, 446),
(29, 1, 1, 1, 1, 447),
(30, 1, 1, 1, 1, 448),
(31, 1, 1, 1, 1, 449),
(32, 1, 1, 1, 1, 450),
(33, 1, 1, 1, 1, 451),
(34, 1, 1, 1, 1, 452),
(35, 1, 1, 1, 1, 453),
(36, 1, 1, 1, 1, 454),
(37, 1, 1, 1, 1, 455),
(38, 1, 1, 1, 1, 456),
(39, 1, 1, 1, 1, 457),
(40, 1, 1, 1, 1, 458),
(41, 1, 1, 1, 1, 459),
(42, 1, 1, 1, 1, 460),
(43, 1, 1, 1, 1, 461),
(44, 1, 1, 1, 1, 462),
(45, 1, 1, 1, 1, 463),
(46, 1, 1, 1, 1, 464),
(47, 1, 1, 1, 1, 465),
(48, 1, 1, 1, 1, 466),
(49, 1, 1, 1, 1, 467),
(50, 1, 1, 1, 1, 468),
(51, 1, 1, 1, 1, 469),
(52, 1, 1, 1, 1, 470),
(53, 1, 1, 1, 1, 471),
(54, 1, 1, 1, 1, 472),
(55, 1, 1, 1, 1, 473),
(56, 1, 1, 1, 1, 474),
(57, 1, 1, 1, 1, 475),
(58, 1, 1, 1, 1, 476),
(59, 1, 1, 1, 1, 477),
(60, 1, 1, 1, 1, 478),
(61, 1, 1, 1, 1, 479),
(62, 1, 1, 1, 1, 480),
(63, 1, 1, 1, 1, 481),
(64, 1, 1, 1, 1, 482),
(65, 1, 1, 1, 1, 483),
(66, 1, 1, 1, 1, 484),
(67, 1, 1, 1, 1, 485),
(68, 1, 1, 1, 1, 486),
(69, 1, 1, 1, 1, 487),
(70, 1, 1, 1, 1, 488),
(71, 1, 1, 1, 1, 489),
(72, 1, 1, 1, 1, 490),
(73, 1, 1, 1, 1, 491),
(74, 1, 1, 1, 1, 492),
(75, 1, 1, 1, 1, 493),
(76, 1, 1, 1, 1, 494),
(77, 1, 1, 1, 1, 495),
(78, 1, 1, 1, 1, 496),
(79, 1, 1, 1, 1, 497),
(80, 1, 1, 1, 1, 498),
(81, 1, 1, 1, 1, 499),
(82, 1, 1, 1, 1, 500),
(83, 1, 1, 1, 1, 501),
(84, 1, 1, 1, 1, 502),
(85, 1, 1, 1, 1, 503),
(86, 1, 1, 1, 1, 504),
(87, 1, 1, 1, 1, 505),
(88, 1, 1, 1, 1, 506),
(89, 1, 1, 1, 1, 507),
(90, 1, 1, 1, 1, 508),
(91, 1, 1, 1, 1, 509),
(92, 1, 1, 1, 1, 510),
(93, 1, 1, 1, 1, 511),
(94, 1, 1, 1, 1, 512),
(95, 1, 1, 1, 1, 513),
(96, 1, 1, 1, 1, 514),
(97, 1, 1, 1, 1, 515),
(98, 1, 1, 1, 1, 516),
(99, 1, 1, 1, 1, 517),
(100, 1, 1, 1, 1, 518),
(101, 1, 1, 1, 1, 519),
(102, 1, 1, 1, 1, 520),
(103, 1, 1, 1, 1, 521),
(104, 1, 1, 1, 1, 522),
(105, 1, 1, 1, 1, 523),
(106, 1, 1, 1, 1, 524),
(107, 1, 1, 1, 1, 525),
(108, 1, 1, 1, 1, 526),
(109, 1, 1, 1, 1, 527),
(110, 1, 1, 3, 1, 419),
(111, 1, 1, 3, 1, 420),
(112, 1, 1, 3, 1, 421),
(113, 1, 1, 3, 1, 422),
(114, 1, 1, 3, 1, 423),
(115, 1, 1, 3, 1, 424),
(116, 1, 1, 3, 1, 425),
(117, 1, 1, 3, 1, 426),
(118, 1, 1, 3, 1, 427),
(119, 1, 1, 3, 1, 428),
(120, 1, 1, 3, 1, 429),
(121, 1, 1, 3, 1, 430),
(122, 1, 1, 3, 1, 431),
(123, 1, 1, 3, 1, 432),
(124, 1, 1, 3, 1, 433),
(125, 1, 1, 3, 1, 434),
(126, 1, 1, 3, 1, 435),
(127, 1, 1, 3, 1, 436),
(128, 1, 1, 3, 1, 437),
(129, 1, 1, 3, 1, 438),
(130, 1, 1, 3, 1, 439),
(131, 1, 1, 3, 1, 440),
(132, 1, 1, 3, 1, 441),
(133, 1, 1, 3, 1, 442),
(134, 1, 1, 3, 1, 443),
(135, 1, 1, 3, 1, 444),
(136, 1, 1, 3, 1, 445),
(137, 1, 1, 3, 1, 446),
(138, 1, 1, 3, 1, 447),
(139, 1, 1, 3, 1, 448),
(140, 1, 1, 3, 1, 449),
(141, 1, 1, 3, 1, 450),
(142, 1, 1, 3, 1, 451),
(143, 1, 1, 3, 1, 452),
(144, 1, 1, 3, 1, 453),
(145, 1, 1, 3, 1, 454),
(146, 1, 1, 3, 1, 455),
(147, 1, 1, 3, 1, 456),
(148, 1, 1, 3, 1, 457),
(149, 1, 1, 3, 1, 458),
(150, 1, 1, 3, 1, 459),
(151, 1, 1, 3, 1, 460),
(152, 1, 1, 3, 1, 461),
(153, 1, 1, 3, 1, 462),
(154, 1, 1, 3, 1, 463),
(155, 1, 1, 3, 1, 464),
(156, 1, 1, 3, 1, 465),
(157, 1, 1, 3, 1, 466),
(158, 1, 1, 3, 1, 467),
(159, 1, 1, 3, 1, 468),
(160, 1, 1, 3, 1, 469),
(161, 1, 1, 3, 1, 470),
(162, 1, 1, 3, 1, 471),
(163, 1, 1, 3, 1, 472),
(164, 1, 1, 3, 1, 473),
(165, 1, 1, 3, 1, 474),
(166, 1, 1, 3, 1, 475),
(167, 1, 1, 3, 1, 476),
(168, 1, 1, 3, 1, 477),
(169, 1, 1, 3, 1, 478),
(170, 1, 1, 3, 1, 479),
(171, 1, 1, 3, 1, 480),
(172, 1, 1, 3, 1, 481),
(173, 1, 1, 3, 1, 482),
(174, 1, 1, 3, 1, 483),
(175, 1, 1, 3, 1, 484),
(176, 1, 1, 3, 1, 485),
(177, 1, 1, 3, 1, 486),
(178, 1, 1, 3, 1, 487),
(179, 1, 1, 3, 1, 488),
(180, 1, 1, 3, 1, 489),
(181, 1, 1, 3, 1, 490),
(182, 1, 1, 3, 1, 491),
(183, 1, 1, 3, 1, 492),
(184, 1, 1, 3, 1, 493),
(185, 1, 1, 3, 1, 494),
(186, 1, 1, 3, 1, 495),
(187, 1, 1, 3, 1, 496),
(188, 1, 1, 3, 1, 497),
(189, 1, 1, 3, 1, 498),
(190, 1, 1, 3, 1, 499),
(191, 1, 1, 3, 1, 500),
(192, 1, 1, 3, 1, 501),
(193, 1, 1, 3, 1, 502),
(194, 1, 1, 3, 1, 503),
(195, 1, 1, 3, 1, 504),
(196, 1, 1, 3, 1, 505),
(197, 1, 1, 3, 1, 506),
(198, 1, 1, 3, 1, 507),
(199, 1, 1, 3, 1, 508),
(200, 1, 1, 3, 1, 509),
(201, 1, 1, 3, 1, 510),
(202, 1, 1, 3, 1, 511),
(203, 1, 1, 3, 1, 512),
(204, 1, 1, 3, 1, 513),
(205, 1, 1, 3, 1, 514),
(206, 1, 1, 3, 1, 515),
(207, 1, 1, 3, 1, 516),
(208, 1, 1, 3, 1, 517),
(209, 1, 1, 3, 1, 518),
(210, 1, 1, 3, 1, 519),
(211, 1, 1, 3, 1, 520),
(212, 1, 1, 3, 1, 521),
(213, 1, 1, 3, 1, 522),
(214, 1, 1, 3, 1, 523),
(215, 1, 1, 3, 1, 524),
(216, 1, 1, 3, 1, 525),
(217, 1, 1, 3, 1, 526),
(218, 1, 1, 3, 1, 527);

-- --------------------------------------------------------

--
-- Table structure for table `multipleassesment`
--

CREATE TABLE `multipleassesment` (
  `id` int(11) NOT NULL,
  `prj_id` int(11) NOT NULL,
  `due_date` datetime NOT NULL,
  `status` enum('I','A','C') NOT NULL DEFAULT 'I',
  `created_date` datetime NOT NULL
) ENGINE=InnoDB DEFAULT CHARSET=latin1;

-- --------------------------------------------------------

--
-- Table structure for table `projects`
--

CREATE TABLE `projects` (
  `id` int(11) NOT NULL,
  `name` varchar(255) NOT NULL,
  `institution` int(11) NOT NULL,
  `faculty` int(11) NOT NULL,
  `course` int(11) NOT NULL,
  `description` varchar(255) NOT NULL,
  `status` enum('current','archieved','inactive') NOT NULL DEFAULT 'current',
  `assess_date` datetime NOT NULL,
  `created_by` int(11) NOT NULL,
  `created_date` datetime NOT NULL,
  `updated_date` datetime NOT NULL
) ENGINE=InnoDB DEFAULT CHARSET=latin1;

--
-- Dumping data for table `projects`
--

INSERT INTO `projects` (`id`, `name`, `institution`, `faculty`, `course`, `description`, `status`, `assess_date`, `created_by`, `created_date`, `updated_date`) VALUES
(1, 'Test assesment 1', 1, 1, 1, 'test descript', 'current', '2019-05-31 00:00:00', 28, '2019-05-05 18:26:15', '2019-05-05 18:26:15'),
(3, 'test ttes', 1, 1, 1, 'test ttes', 'current', '2019-09-26 16:00:00', 28, '2019-04-13 10:30:32', '2019-04-13 10:30:32');

-- --------------------------------------------------------

--
-- Table structure for table `project_groups`
--

CREATE TABLE `project_groups` (
  `id` int(11) NOT NULL,
  `course_id` int(11) NOT NULL,
  `group_id` int(11) NOT NULL
) ENGINE=MyISAM DEFAULT CHARSET=latin1;

-- --------------------------------------------------------

--
-- Table structure for table `questions`
--

CREATE TABLE `questions` (
  `id` int(11) NOT NULL,
  `question` text NOT NULL,
  `type` enum('default','custom') NOT NULL DEFAULT 'custom',
  `q_type` enum('R','S') NOT NULL DEFAULT 'R',
  `course` int(11) NOT NULL,
  `institution` int(11) NOT NULL,
  `faculty` int(11) NOT NULL,
  `status` enum('active','inactive') NOT NULL DEFAULT 'active'
) ENGINE=InnoDB DEFAULT CHARSET=latin1;

--
-- Dumping data for table `questions`
--

INSERT INTO `questions` (`id`, `question`, `type`, `q_type`, `course`, `institution`, `faculty`, `status`) VALUES
(1, 'default question 1 test', 'default', 'R', 0, 0, 0, 'active'),
(2, 'default question 1  work', 'custom', 'R', 1, 1, 1, 'active'),
(3, 'Test test', 'custom', 'R', 1, 1, 1, 'inactive');

-- --------------------------------------------------------

--
-- Table structure for table `tbl_userdetails`
--

CREATE TABLE `tbl_userdetails` (
  `id` int(11) NOT NULL,
  `course` int(11) NOT NULL,
  `grp_id` int(11) NOT NULL,
  `user_id` int(11) NOT NULL
) ENGINE=InnoDB DEFAULT CHARSET=latin1;

--
-- Dumping data for table `tbl_userdetails`
--

INSERT INTO `tbl_userdetails` (`id`, `course`, `grp_id`, `user_id`) VALUES
(1, 1, 1, 419),
(2, 1, 2, 420),
(3, 1, 3, 421),
(4, 1, 4, 422),
(5, 1, 5, 423),
(6, 1, 6, 424),
(7, 1, 6, 425),
(8, 1, 7, 426),
(9, 1, 2, 427),
(10, 1, 7, 428),
(11, 1, 7, 429),
(12, 1, 8, 430),
(13, 1, 9, 431),
(14, 1, 10, 432),
(15, 1, 4, 433),
(16, 1, 5, 434),
(17, 1, 7, 435),
(18, 1, 11, 436),
(19, 1, 12, 437),
(20, 1, 13, 438),
(21, 1, 10, 439),
(22, 1, 10, 440),
(23, 1, 11, 441),
(24, 1, 2, 442),
(25, 1, 11, 443),
(26, 1, 4, 444),
(27, 1, 9, 445),
(28, 1, 11, 446),
(29, 1, 4, 447),
(30, 1, 3, 448),
(31, 1, 5, 449),
(32, 1, 14, 450),
(33, 1, 7, 451),
(34, 1, 14, 452),
(35, 1, 6, 453),
(36, 1, 15, 454),
(37, 1, 15, 455),
(38, 1, 12, 456),
(39, 1, 4, 457),
(40, 1, 8, 458),
(41, 1, 7, 459),
(42, 1, 13, 460),
(43, 1, 13, 461),
(44, 1, 16, 462),
(45, 1, 12, 464),
(46, 1, 8, 465),
(47, 1, 4, 466),
(48, 1, 2, 467),
(49, 1, 3, 468),
(50, 1, 16, 469),
(51, 1, 9, 470),
(52, 1, 4, 471),
(53, 1, 5, 472),
(54, 1, 9, 473),
(55, 1, 12, 474),
(56, 1, 2, 475),
(57, 1, 11, 476),
(58, 1, 6, 477),
(59, 1, 8, 478),
(60, 1, 3, 479),
(61, 1, 16, 480),
(62, 1, 14, 481),
(63, 1, 4, 482),
(64, 1, 13, 483),
(65, 1, 8, 484),
(66, 1, 15, 485),
(67, 1, 15, 486),
(68, 1, 8, 487),
(69, 1, 12, 488),
(70, 1, 16, 489),
(71, 1, 13, 490),
(72, 1, 2, 491),
(73, 1, 13, 492),
(74, 1, 3, 493),
(75, 1, 9, 494),
(76, 1, 11, 495),
(77, 1, 14, 496),
(78, 1, 8, 497),
(79, 1, 12, 498),
(80, 1, 11, 499),
(81, 1, 9, 500),
(82, 1, 15, 501),
(83, 1, 10, 502),
(84, 1, 3, 503),
(85, 1, 7, 504),
(86, 1, 16, 505),
(87, 1, 3, 506),
(88, 1, 15, 507),
(89, 1, 10, 508),
(90, 1, 10, 509),
(91, 1, 2, 510),
(92, 1, 10, 511),
(93, 1, 12, 512),
(94, 1, 5, 513),
(95, 1, 13, 514),
(96, 1, 14, 515),
(97, 1, 5, 516),
(98, 1, 8, 517),
(99, 1, 15, 518),
(100, 1, 6, 519),
(101, 1, 14, 520),
(102, 1, 14, 521),
(103, 1, 5, 522),
(104, 1, 16, 523),
(105, 1, 10, 524),
(106, 1, 9, 525),
(107, 1, 5, 526),
(108, 1, 2, 527);

-- --------------------------------------------------------

--
-- Table structure for table `userrole`
--

CREATE TABLE `userrole` (
  `id` int(11) NOT NULL,
  `name` varchar(255) NOT NULL,
  `s_name` varchar(255) NOT NULL,
  `status` tinyint(4) NOT NULL
) ENGINE=InnoDB DEFAULT CHARSET=latin1;

--
-- Dumping data for table `userrole`
--

INSERT INTO `userrole` (`id`, `name`, `s_name`, `status`) VALUES
(1, 'superuser', 'Admin', 1),
(3, 'staff ', 'Staff', 1),
(5, 'student', 'Student', 1);

-- --------------------------------------------------------

--
-- Table structure for table `users`
--

CREATE TABLE `users` (
  `id` int(11) NOT NULL,
  `username` varchar(255) NOT NULL,
  `email` varchar(255) NOT NULL,
  `password` varchar(255) NOT NULL,
  `first_name` varchar(255) NOT NULL,
  `last_name` varchar(255) NOT NULL,
  `profile` varchar(255) NOT NULL,
  `role` int(11) NOT NULL,
  `send_email` int(11) DEFAULT NULL,
  `course_id` int(11) NOT NULL,
  `institution_id` int(11) NOT NULL,
  `fac_id` int(11) NOT NULL,
  `status` enum('active','inactive') NOT NULL DEFAULT 'active',
  `created_date` datetime NOT NULL,
  `updated_date` datetime NOT NULL
) ENGINE=InnoDB DEFAULT CHARSET=latin1;

--
-- Dumping data for table `users`
--

INSERT INTO `users` (`id`, `username`, `email`, `password`, `first_name`, `last_name`, `profile`, `role`, `send_email`, `course_id`, `institution_id`, `fac_id`, `status`, `created_date`, `updated_date`) VALUES
(1, 'dhamuace@gmail.com', 'dhamvuace@gmail.com', '12345', 'Dhamuu', 'RR', 'img1511376198075.jpg', 5, 0, 1, 1, 1, 'active', '2017-08-18 00:00:00', '2018-02-07 16:45:36'),
(28, 'admin@splat.com', 'admin@splat.com', '123', 'Splat', 'Admin test', 'shrish.png', 1, 0, 1, 1, 1, 'active', '2017-12-28 00:00:00', '2017-12-28 00:00:00'),
(419, 's4903223', 's4903223@bournemouth.ac.uk', '1234', 'Anna', 'Pascua', ' ', 5, NULL, 1, 1, 1, 'active', '2019-05-05 03:34:56', '2019-05-05 03:34:56'),
(420, 's4903815', 's4903815@bournemouth.ac.uk', '12345', 'Phoebe', 'Wauton', ' ', 5, NULL, 1, 1, 1, 'active', '2019-05-05 03:34:56', '2019-05-05 03:34:56'),
(421, 's4904221', 's4904221@bournemouth.ac.uk', 'f1b8308b', 'Lauren', 'Allaway', ' ', 5, NULL, 1, 1, 1, 'active', '2019-05-05 03:34:56', '2019-05-05 03:34:56'),
(422, 's4904660', 's4904660@bournemouth.ac.uk', 'd5a9b0d9', 'Khan', 'White', ' ', 5, NULL, 1, 1, 1, 'active', '2019-05-05 03:34:56', '2019-05-05 03:34:56'),
(423, 's4905439', 's4905439@bournemouth.ac.uk', '1557b6a3', 'Yassir', 'Elbashir', ' ', 5, NULL, 1, 1, 1, 'active', '2019-05-05 03:34:56', '2019-05-05 03:34:56'),
(424, 's4908603', 's4908603@bournemouth.ac.uk', '24ba4269', 'Nick', 'Zerafa', ' ', 5, NULL, 1, 1, 1, 'active', '2019-05-05 03:34:56', '2019-05-05 03:34:56'),
(425, 's4908734', 's4908734@bournemouth.ac.uk', '1628665b', 'Priya', 'Pankhania', ' ', 5, NULL, 1, 1, 1, 'active', '2019-05-05 03:34:56', '2019-05-05 03:34:56'),
(426, 's4908737', 's4908737@bournemouth.ac.uk', '3d7a83e8', 'John', 'McGinty', ' ', 5, NULL, 1, 1, 1, 'active', '2019-05-05 03:34:56', '2019-05-05 03:34:56'),
(427, 's4909176', 's4909176@bournemouth.ac.uk', '12345', 'Alex', 'Benbow-Carter', ' ', 5, NULL, 1, 1, 1, 'active', '2019-05-05 03:34:56', '2019-05-05 03:34:56'),
(428, 's4910677', 's4910677@bournemouth.ac.uk', '0512493e', 'Tim', 'Bristow', ' ', 5, NULL, 1, 1, 1, 'active', '2019-05-05 03:34:56', '2019-05-05 03:34:56'),
(429, 's4910757', 's4910757@bournemouth.ac.uk', 'ba960f53', 'Mais/Maisy', 'Morris-Davies', ' ', 5, NULL, 1, 1, 1, 'active', '2019-05-05 03:34:56', '2019-05-05 03:34:56'),
(430, 's4911458', 's4911458@bournemouth.ac.uk', '7b7a2e03', 'Cameron', 'Aitchison', ' ', 5, NULL, 1, 1, 1, 'active', '2019-05-05 03:34:56', '2019-05-05 03:34:56'),
(431, 's4912296', 's4912296@bournemouth.ac.uk', '1a104369', 'Holly', 'Smith', ' ', 5, NULL, 1, 1, 1, 'active', '2019-05-05 03:34:56', '2019-05-05 03:34:56'),
(432, 's4913076', 's4913076@bournemouth.ac.uk', '96b692e4', 'James', 'Mitchell', ' ', 5, NULL, 1, 1, 1, 'active', '2019-05-05 03:34:56', '2019-05-05 03:34:56'),
(433, 's4913275', 's4913275@bournemouth.ac.uk', 'fdbff92f', 'Amari', 'Charles', ' ', 5, NULL, 1, 1, 1, 'active', '2019-05-05 03:34:56', '2019-05-05 03:34:56'),
(434, 's4915168', 's4915168@bournemouth.ac.uk', 'e31e3a4e', 'Dominic', 'Rowe', ' ', 5, NULL, 1, 1, 1, 'active', '2019-05-05 03:34:56', '2019-05-05 03:34:56'),
(435, 's4915873', 's4915873@bournemouth.ac.uk', 'e0088293', 'Derrinn', 'Earley', ' ', 5, NULL, 1, 1, 1, 'active', '2019-05-05 03:34:56', '2019-05-05 03:34:56'),
(436, 's4916022', 's4916022@bournemouth.ac.uk', 'b970056f', 'Sam', 'Bampton', ' ', 5, NULL, 1, 1, 1, 'active', '2019-05-05 03:34:56', '2019-05-05 03:34:56'),
(437, 's4919191', 's4919191@bournemouth.ac.uk', 'eb394c54', 'Mara', 'Leitendorfa', ' ', 5, NULL, 1, 1, 1, 'active', '2019-05-05 03:34:56', '2019-05-05 03:34:56'),
(438, 's4920444', 's4920444@bournemouth.ac.uk', '17593c90', 'Chloe', 'Nuzum', ' ', 5, NULL, 1, 1, 1, 'active', '2019-05-05 03:34:56', '2019-05-05 03:34:56'),
(439, 's4921335', 's4921335@bournemouth.ac.uk', 'dad2b50b', 'Mollie', 'Robinson', ' ', 5, NULL, 1, 1, 1, 'active', '2019-05-05 03:34:56', '2019-05-05 03:34:56'),
(440, 's4923199', 's4923199@bournemouth.ac.uk', '2f85294f', 'Berke', 'Guller', ' ', 5, NULL, 1, 1, 1, 'active', '2019-05-05 03:34:56', '2019-05-05 03:34:56'),
(441, 's4923892', 's4923892@bournemouth.ac.uk', '7df3fc66', 'Siyun', 'Zhan', ' ', 5, NULL, 1, 1, 1, 'active', '2019-05-05 03:34:56', '2019-05-05 03:34:56'),
(442, 's4924848', 's4924848@bournemouth.ac.uk', 'd8c5d350', 'Megan', 'Tribe', ' ', 5, NULL, 1, 1, 1, 'active', '2019-05-05 03:34:56', '2019-05-05 03:34:56'),
(443, 's4934023', 's4934023@bournemouth.ac.uk', '104b671d', 'Ann', 'Aibassova', ' ', 5, NULL, 1, 1, 1, 'active', '2019-05-05 03:34:56', '2019-05-05 03:34:56'),
(444, 's5001527', 's5001527@bournemouth.ac.uk', '3087dad2', 'Jake', 'Le\'Maire', ' ', 5, NULL, 1, 1, 1, 'active', '2019-05-05 03:34:56', '2019-05-05 03:34:56'),
(445, 's5002366', 's5002366@bournemouth.ac.uk', 'e3cb312c', 'Becky', 'Elford', ' ', 5, NULL, 1, 1, 1, 'active', '2019-05-05 03:34:57', '2019-05-05 03:34:57'),
(446, 's5002642', 's5002642@bournemouth.ac.uk', 'dee46e97', 'Patrick', 'Coll', ' ', 5, NULL, 1, 1, 1, 'active', '2019-05-05 03:34:57', '2019-05-05 03:34:57'),
(447, 's5002881', 's5002881@bournemouth.ac.uk', 'e4d2a0f2', 'Louise', 'Trimbee', ' ', 5, NULL, 1, 1, 1, 'active', '2019-05-05 03:34:57', '2019-05-05 03:34:57'),
(448, 's5003022', 's5003022@bournemouth.ac.uk', '5a30c5c6', 'Aquella', 'Slocombe', ' ', 5, NULL, 1, 1, 1, 'active', '2019-05-05 03:34:57', '2019-05-05 03:34:57'),
(449, 's5003246', 's5003246@bournemouth.ac.uk', '4e6de466', 'Megan', 'Voice', ' ', 5, NULL, 1, 1, 1, 'active', '2019-05-05 03:34:57', '2019-05-05 03:34:57'),
(450, 's5003453', 's5003453@bournemouth.ac.uk', '23306a11', 'Charles', 'Edey', ' ', 5, NULL, 1, 1, 1, 'active', '2019-05-05 03:34:57', '2019-05-05 03:34:57'),
(451, 's5003788', 's5003788@bournemouth.ac.uk', 'b82d1ca2', 'Natalia', 'Ceballos Romero', ' ', 5, NULL, 1, 1, 1, 'active', '2019-05-05 03:34:57', '2019-05-05 03:34:57'),
(452, 's5004151', 's5004151@bournemouth.ac.uk', 'c3866200', 'Cheyenne', 'Waters', ' ', 5, NULL, 1, 1, 1, 'active', '2019-05-05 03:34:57', '2019-05-05 03:34:57'),
(453, 's5005111', 's5005111@bournemouth.ac.uk', 'b11a9ae9', 'Ben', 'McNamee', ' ', 5, NULL, 1, 1, 1, 'active', '2019-05-05 03:34:57', '2019-05-05 03:34:57'),
(454, 's5005209', 's5005209@bournemouth.ac.uk', '8e42fa43', 'Holly', 'Clark', ' ', 5, NULL, 1, 1, 1, 'active', '2019-05-05 03:34:57', '2019-05-05 03:34:57'),
(455, 's5005912', 's5005912@bournemouth.ac.uk', 'b4293d5c', 'Katie', 'Noel', ' ', 5, NULL, 1, 1, 1, 'active', '2019-05-05 03:34:57', '2019-05-05 03:34:57'),
(456, 's5005920', 's5005920@bournemouth.ac.uk', '0fccdbd8', 'Tiarna', 'Slocombe', ' ', 5, NULL, 1, 1, 1, 'active', '2019-05-05 03:34:57', '2019-05-05 03:34:57'),
(457, 's5006045', 's5006045@bournemouth.ac.uk', 'ae479ff9', 'Raphael', 'Quieta', ' ', 5, NULL, 1, 1, 1, 'active', '2019-05-05 03:34:57', '2019-05-05 03:34:57'),
(458, 's5006384', 's5006384@bournemouth.ac.uk', '4b05897f', 'Millie', 'Coaker', ' ', 5, NULL, 1, 1, 1, 'active', '2019-05-05 03:34:57', '2019-05-05 03:34:57'),
(459, 's5007578', 's5007578@bournemouth.ac.uk', '5f0a115e', 'Becky', 'Evans', ' ', 5, NULL, 1, 1, 1, 'active', '2019-05-05 03:34:57', '2019-05-05 03:34:57'),
(460, 's5008181', 's5008181@bournemouth.ac.uk', '70c08bf0', 'Lauren', 'Candler', ' ', 5, NULL, 1, 1, 1, 'active', '2019-05-05 03:34:57', '2019-05-05 03:34:57'),
(461, 's5008241', 's5008241@bournemouth.ac.uk', '8e6795a0', 'Yasmine', 'Adams', ' ', 5, NULL, 1, 1, 1, 'active', '2019-05-05 03:34:57', '2019-05-05 03:34:57'),
(462, 's5008390', 's5008390@bournemouth.ac.uk', 'cd23d5d1', 'Molly', 'McGrath', ' ', 5, NULL, 1, 1, 1, 'active', '2019-05-05 03:34:57', '2019-05-05 03:34:57'),
(463, 's5008689', 's5008689@bournemouth.ac.uk', '38c69047', 'Alex', 'Sutherland', ' ', 5, NULL, 1, 1, 1, 'active', '2019-05-05 03:34:57', '2019-05-05 03:34:57'),
(464, 's5008760', 's5008760@bournemouth.ac.uk', '386ba0b4', 'Yasmin', 'Quaatey', ' ', 5, NULL, 1, 1, 1, 'active', '2019-05-05 03:34:57', '2019-05-05 03:34:57'),
(465, 's5008940', 's5008940@bournemouth.ac.uk', '094ef2d8', 'Emily', 'Mancini', ' ', 5, NULL, 1, 1, 1, 'active', '2019-05-05 03:34:57', '2019-05-05 03:34:57'),
(466, 's5009009', 's5009009@bournemouth.ac.uk', '6c47f8ba', 'Freddie', 'Jones', ' ', 5, NULL, 1, 1, 1, 'active', '2019-05-05 03:34:57', '2019-05-05 03:34:57'),
(467, 's5009302', 's5009302@bournemouth.ac.uk', 'b668ebbc', 'Caitlin', 'Shirvington', ' ', 5, NULL, 1, 1, 1, 'active', '2019-05-05 03:34:57', '2019-05-05 03:34:57'),
(468, 's5009502', 's5009502@bournemouth.ac.uk', '61d5188e', 'Kitty', 'Leigh', ' ', 5, NULL, 1, 1, 1, 'active', '2019-05-05 03:34:57', '2019-05-05 03:34:57'),
(469, 's5009506', 's5009506@bournemouth.ac.uk', '13f43506', 'Keisha', 'Walters', ' ', 5, NULL, 1, 1, 1, 'active', '2019-05-05 03:34:57', '2019-05-05 03:34:57'),
(470, 's5009528', 's5009528@bournemouth.ac.uk', '1250deea', 'Alana', 'Hewitt', ' ', 5, NULL, 1, 1, 1, 'active', '2019-05-05 03:34:57', '2019-05-05 03:34:57'),
(471, 's5060207', 's5060207@bournemouth.ac.uk', '1fdeaae5', 'Anita', 'Mubiru', ' ', 5, NULL, 1, 1, 1, 'active', '2019-05-05 03:34:57', '2019-05-05 03:34:57'),
(472, 's5060274', 's5060274@bournemouth.ac.uk', '38c6e4c6', 'Ebony', 'Andrews', ' ', 5, NULL, 1, 1, 1, 'active', '2019-05-05 03:34:57', '2019-05-05 03:34:57'),
(473, 's5060491', 's5060491@bournemouth.ac.uk', '433fb2f2', 'Niall', 'Stewart', ' ', 5, NULL, 1, 1, 1, 'active', '2019-05-05 03:34:57', '2019-05-05 03:34:57'),
(474, 's5060521', 's5060521@bournemouth.ac.uk', '847ed2ce', 'Joe', 'French', ' ', 5, NULL, 1, 1, 1, 'active', '2019-05-05 03:34:57', '2019-05-05 03:34:57'),
(475, 's5060564', 's5060564@bournemouth.ac.uk', '62450476', 'Emily', 'Cox', ' ', 5, NULL, 1, 1, 1, 'active', '2019-05-05 03:34:57', '2019-05-05 03:34:57'),
(476, 's5060749', 's5060749@bournemouth.ac.uk', '12b07b72', 'Sam', 'Colwood', ' ', 5, NULL, 1, 1, 1, 'active', '2019-05-05 03:34:57', '2019-05-05 03:34:57'),
(477, 's5061050', 's5061050@bournemouth.ac.uk', '0890b8ac', 'Chloe', 'Locke', ' ', 5, NULL, 1, 1, 1, 'active', '2019-05-05 03:34:57', '2019-05-05 03:34:57'),
(478, 's5061217', 's5061217@bournemouth.ac.uk', 'fa7b911a', 'Marshall', 'Barkham', ' ', 5, NULL, 1, 1, 1, 'active', '2019-05-05 03:34:57', '2019-05-05 03:34:57'),
(479, 's5061230', 's5061230@bournemouth.ac.uk', '1fb16de1', 'Viktoria', 'Mempin', ' ', 5, NULL, 1, 1, 1, 'active', '2019-05-05 03:34:57', '2019-05-05 03:34:57'),
(480, 's5061387', 's5061387@bournemouth.ac.uk', '738cb2b2', 'Cameron', 'Boyall', ' ', 5, NULL, 1, 1, 1, 'active', '2019-05-05 03:34:57', '2019-05-05 03:34:57'),
(481, 's5061672', 's5061672@bournemouth.ac.uk', 'e27c46eb', 'Freddie', 'Bedford', ' ', 5, NULL, 1, 1, 1, 'active', '2019-05-05 03:34:57', '2019-05-05 03:34:57'),
(482, 's5061875', 's5061875@bournemouth.ac.uk', '8587be78', 'Harry', 'Frampton', ' ', 5, NULL, 1, 1, 1, 'active', '2019-05-05 03:34:57', '2019-05-05 03:34:57'),
(483, 's5061880', 's5061880@bournemouth.ac.uk', '4437eb13', 'Connor', 'Hudson', ' ', 5, NULL, 1, 1, 1, 'active', '2019-05-05 03:34:57', '2019-05-05 03:34:57'),
(484, 's5061906', 's5061906@bournemouth.ac.uk', '17e12ec0', 'Lewis', 'Stride', ' ', 5, NULL, 1, 1, 1, 'active', '2019-05-05 03:34:57', '2019-05-05 03:34:57'),
(485, 's5062276', 's5062276@bournemouth.ac.uk', '4d8ebc44', 'Christie', 'Robinson', ' ', 5, NULL, 1, 1, 1, 'active', '2019-05-05 03:34:57', '2019-05-05 03:34:57'),
(486, 's5062343', 's5062343@bournemouth.ac.uk', 'fe95cc74', 'Ben', 'Ingram', ' ', 5, NULL, 1, 1, 1, 'active', '2019-05-05 03:34:57', '2019-05-05 03:34:57'),
(487, 's5062669', 's5062669@bournemouth.ac.uk', 'e5b946fa', 'Kemi', 'Roluga', ' ', 5, NULL, 1, 1, 1, 'active', '2019-05-05 03:34:57', '2019-05-05 03:34:57'),
(488, 's5062875', 's5062875@bournemouth.ac.uk', 'c579464f', 'Stephanie', 'Lambert', ' ', 5, NULL, 1, 1, 1, 'active', '2019-05-05 03:34:57', '2019-05-05 03:34:57'),
(489, 's5062944', 's5062944@bournemouth.ac.uk', 'c8e9fe0e', 'Louis', 'Callaghan', ' ', 5, NULL, 1, 1, 1, 'active', '2019-05-05 03:34:57', '2019-05-05 03:34:57'),
(490, 's5063265', 's5063265@bournemouth.ac.uk', '17660d55', 'Emma', 'Thurlow', ' ', 5, NULL, 1, 1, 1, 'active', '2019-05-05 03:34:57', '2019-05-05 03:34:57'),
(491, 's5063268', 's5063268@bournemouth.ac.uk', 'd4a76e3f', 'Annabelle', 'Gaye', ' ', 5, NULL, 1, 1, 1, 'active', '2019-05-05 03:34:57', '2019-05-05 03:34:57'),
(492, 's5063660', 's5063660@bournemouth.ac.uk', '64deb055', 'Nikki', 'Webb', ' ', 5, NULL, 1, 1, 1, 'active', '2019-05-05 03:34:57', '2019-05-05 03:34:57'),
(493, 's5063704', 's5063704@bournemouth.ac.uk', 'a8ca344b', 'Aimee', 'Bolton', ' ', 5, NULL, 1, 1, 1, 'active', '2019-05-05 03:34:57', '2019-05-05 03:34:57'),
(494, 's5063725', 's5063725@bournemouth.ac.uk', '8a1fac1e', 'Sophie', 'Roberts', ' ', 5, NULL, 1, 1, 1, 'active', '2019-05-05 03:34:57', '2019-05-05 03:34:57'),
(495, 's5063763', 's5063763@bournemouth.ac.uk', '75aa9d92', 'George', 'Merritt', ' ', 5, NULL, 1, 1, 1, 'active', '2019-05-05 03:34:57', '2019-05-05 03:34:57'),
(496, 's5063817', 's5063817@bournemouth.ac.uk', 'c1b45383', 'Seren', 'Dark', ' ', 5, NULL, 1, 1, 1, 'active', '2019-05-05 03:34:57', '2019-05-05 03:34:57'),
(497, 's5064208', 's5064208@bournemouth.ac.uk', '89f3300e', 'Josh', 'Bennett', ' ', 5, NULL, 1, 1, 1, 'active', '2019-05-05 03:34:57', '2019-05-05 03:34:57'),
(498, 's5064715', 's5064715@bournemouth.ac.uk', '748bc75b', 'Charlotte', 'Lovell', ' ', 5, NULL, 1, 1, 1, 'active', '2019-05-05 03:34:57', '2019-05-05 03:34:57'),
(499, 's5064795', 's5064795@bournemouth.ac.uk', '144d8ae1', 'Ewan', 'Champion-Smith', ' ', 5, NULL, 1, 1, 1, 'active', '2019-05-05 03:34:57', '2019-05-05 03:34:57'),
(500, 's5064998', 's5064998@bournemouth.ac.uk', '07f2a6f5', 'Masuk', 'Thapa', ' ', 5, NULL, 1, 1, 1, 'active', '2019-05-05 03:34:57', '2019-05-05 03:34:57'),
(502, 's5065792', 's5065792@bournemouth.ac.uk', '94fab761', 'Alfie', 'Wilkinson', ' ', 5, NULL, 1, 1, 1, 'active', '2019-05-05 03:34:57', '2019-05-05 03:34:57'),
(503, 's5065865', 's5065865@bournemouth.ac.uk', '4a88b35b', 'Mollie', 'Pidgeon', ' ', 5, NULL, 1, 1, 1, 'active', '2019-05-05 03:34:57', '2019-05-05 03:34:57'),
(504, 's5066843', 's5066843@bournemouth.ac.uk', 'a11547d0', 'Myron', 'Haydney', ' ', 5, NULL, 1, 1, 1, 'active', '2019-05-05 03:34:57', '2019-05-05 03:34:57'),
(505, 's5066951', 's5066951@bournemouth.ac.uk', '3fb2f828', 'Tom', 'Horner', ' ', 5, NULL, 1, 1, 1, 'active', '2019-05-05 03:34:57', '2019-05-05 03:34:57'),
(506, 's5067185', 's5067185@bournemouth.ac.uk', 'f96fc718', 'Mia', 'Walton', ' ', 5, NULL, 1, 1, 1, 'active', '2019-05-05 03:34:57', '2019-05-05 03:34:57'),
(507, 's5068643', 's5068643@bournemouth.ac.uk', '4274124f', 'Ali', 'McLaren', ' ', 5, NULL, 1, 1, 1, 'active', '2019-05-05 03:34:57', '2019-05-05 03:34:57'),
(508, 's5069720', 's5069720@bournemouth.ac.uk', '080ef6cd', 'Drin', 'Berisha', ' ', 5, NULL, 1, 1, 1, 'active', '2019-05-05 03:34:57', '2019-05-05 03:34:57'),
(509, 's5069745', 's5069745@bournemouth.ac.uk', '934032c2', 'Megan', 'Udas', ' ', 5, NULL, 1, 1, 1, 'active', '2019-05-05 03:34:57', '2019-05-05 03:34:57'),
(510, 's5069918', 's5069918@bournemouth.ac.uk', 'c7159371', 'Dan', 'Bell', ' ', 5, NULL, 1, 1, 1, 'active', '2019-05-05 03:34:57', '2019-05-05 03:34:57'),
(511, 's5070117', 's5070117@bournemouth.ac.uk', '7b0d2c0a', 'James', 'Gilbert', ' ', 5, NULL, 1, 1, 1, 'active', '2019-05-05 03:34:57', '2019-05-05 03:34:57'),
(512, 's5070261', 's5070261@bournemouth.ac.uk', '5024f277', 'Annamaria', 'Simon', ' ', 5, NULL, 1, 1, 1, 'active', '2019-05-05 03:34:57', '2019-06-01 07:54:31'),
(514, 's5070753', 's5070753@bournemouth.ac.uk', 'f757517e', 'Michelle', 'Sarais', ' ', 5, NULL, 1, 1, 1, 'active', '2019-05-05 03:34:57', '2019-05-05 03:34:57'),
(515, 's5071684', 's5071684@bournemouth.ac.uk', '0fbbce08', 'Dominic', 'McConnell', ' ', 5, NULL, 1, 1, 1, 'active', '2019-05-05 03:34:57', '2019-05-05 03:34:57'),
(516, 's5071996', 's5071996@bournemouth.ac.uk', 'acdaefa6', 'Giggs', 'Lee', ' ', 5, NULL, 1, 1, 1, 'active', '2019-05-05 03:34:57', '2019-05-05 03:34:57'),
(517, 's5072184', 's5072184@bournemouth.ac.uk', 'ca1e93f3', 'Ben', 'Garner', ' ', 5, NULL, 1, 1, 1, 'active', '2019-05-05 03:34:57', '2019-05-05 03:34:57'),
(518, 's5073708', 's5073708@bournemouth.ac.uk', 'a37ae314', 'Molly', 'Bryant', ' ', 5, NULL, 1, 1, 1, 'active', '2019-05-05 03:34:57', '2019-05-05 03:34:57'),
(519, 's5074919', 's5074919@bournemouth.ac.uk', '761d7eb0', 'George', 'Cory', ' ', 5, NULL, 1, 1, 1, 'active', '2019-05-05 03:34:57', '2019-05-05 03:34:57'),
(520, 's5078610', 's5078610@bournemouth.ac.uk', 'c0618377', 'Gianmarco', 'Ciaffardini', ' ', 5, NULL, 1, 1, 1, 'active', '2019-05-05 03:34:57', '2019-05-05 03:34:57'),
(522, 's5084183', 's5084183@bournemouth.ac.uk', '14e87fb0', 'Matthew', 'Barber-Street', ' ', 5, NULL, 1, 1, 1, 'active', '2019-05-05 03:34:57', '2019-05-05 03:34:57'),
(526, 's5127258', 's5127258@bournemouth.ac.uk', 'efcc0c96', 'Pinar', 'Baygul', ' ', 5, NULL, 1, 1, 1, 'active', '2019-05-05 03:34:57', '2019-05-05 03:34:57'),
(527, 'ramesh', 'ramesh@gmail.com', 'nF95O8YF', 'ramesh', 'ramesh', '', 5, NULL, 1, 1, 1, 'active', '2019-05-05 16:44:11', '2019-05-05 16:44:11'),
(528, 'teststaff', 'teststaff@gmail.com', 'KzxQ2iij', 'sdsdsad', 'sdsad', '', 3, NULL, 1, 1, 1, 'active', '2019-05-10 22:01:13', '2019-05-10 22:01:13'),
(529, 'staff001', 'staff001@gmail.com', '1234', 'teststaff', 'teststaff', '', 3, NULL, 1, 1, 1, 'active', '2019-06-03 18:25:22', '2019-06-03 18:25:22');

-- --------------------------------------------------------

--
-- Table structure for table `user_courses`
--

CREATE TABLE `user_courses` (
  `id` int(11) NOT NULL,
  `user_id` int(11) NOT NULL,
  `course_id` int(11) NOT NULL
) ENGINE=MyISAM DEFAULT CHARSET=latin1;

--
-- Dumping data for table `user_courses`
--

INSERT INTO `user_courses` (`id`, `user_id`, `course_id`) VALUES
(1, 311, 1),
(2, 312, 1),
(3, 313, 1),
(4, 314, 1),
(5, 315, 1),
(6, 316, 1),
(7, 317, 1),
(8, 318, 1),
(9, 319, 1),
(10, 320, 1),
(11, 321, 1),
(12, 322, 1),
(13, 323, 1),
(14, 324, 1),
(15, 325, 1),
(16, 326, 1),
(17, 327, 1),
(18, 328, 1),
(19, 329, 1),
(20, 330, 1),
(21, 331, 1),
(22, 332, 1),
(23, 333, 1),
(24, 334, 1),
(25, 335, 1),
(26, 336, 1),
(27, 337, 1),
(28, 338, 1),
(29, 339, 1),
(30, 340, 1),
(31, 341, 1),
(32, 342, 1),
(33, 343, 1),
(34, 344, 1),
(35, 345, 1),
(36, 346, 1),
(37, 347, 1),
(38, 348, 1),
(39, 349, 1),
(40, 350, 1),
(41, 351, 1),
(42, 352, 1),
(43, 353, 1),
(44, 354, 1),
(45, 355, 1),
(46, 356, 1),
(47, 357, 1),
(48, 358, 1),
(49, 359, 1),
(50, 360, 1),
(51, 361, 1),
(52, 362, 1),
(53, 363, 1),
(54, 364, 1),
(55, 365, 1),
(56, 366, 1),
(57, 367, 1),
(58, 368, 1),
(59, 369, 1),
(60, 370, 1),
(61, 371, 1),
(62, 372, 1),
(63, 373, 1),
(64, 374, 1),
(65, 375, 1),
(66, 376, 1),
(67, 377, 1),
(68, 378, 1),
(69, 379, 1),
(70, 380, 1),
(71, 381, 1),
(72, 382, 1),
(73, 383, 1),
(74, 384, 1),
(75, 385, 1),
(76, 386, 1),
(77, 387, 1),
(78, 388, 1),
(79, 389, 1),
(80, 390, 1),
(81, 391, 1),
(82, 392, 1),
(83, 393, 1),
(84, 394, 1),
(85, 395, 1),
(86, 396, 1),
(87, 397, 1),
(88, 398, 1),
(89, 399, 1),
(90, 400, 1),
(91, 401, 1),
(92, 402, 1),
(93, 403, 1),
(94, 404, 1),
(95, 405, 1),
(96, 406, 1),
(97, 407, 1),
(98, 408, 1),
(99, 409, 1),
(100, 410, 1),
(101, 411, 1),
(102, 412, 1),
(103, 413, 1),
(104, 414, 1),
(105, 415, 1),
(106, 416, 1),
(107, 417, 1),
(108, 418, 1),
(109, 419, 1),
(110, 420, 1),
(111, 421, 1),
(112, 422, 1),
(113, 423, 1),
(114, 424, 1),
(115, 425, 1),
(116, 426, 1),
(117, 427, 1),
(118, 428, 1),
(119, 429, 1),
(120, 430, 1),
(121, 431, 1),
(122, 432, 1),
(123, 433, 1),
(124, 434, 1),
(125, 435, 1),
(126, 436, 1),
(127, 437, 1),
(128, 438, 1),
(129, 439, 1),
(130, 440, 1),
(131, 441, 1),
(132, 442, 1),
(133, 443, 1),
(134, 444, 1),
(135, 445, 1),
(136, 446, 1),
(137, 447, 1),
(138, 448, 1),
(139, 449, 1),
(140, 450, 1),
(141, 451, 1),
(142, 452, 1),
(143, 453, 1),
(144, 454, 1),
(145, 455, 1),
(146, 456, 1),
(147, 457, 1),
(148, 458, 1),
(149, 459, 1),
(150, 460, 1),
(151, 461, 1),
(152, 462, 1),
(153, 463, 1),
(154, 464, 1),
(155, 465, 1),
(156, 466, 1),
(157, 467, 1),
(158, 468, 1),
(159, 469, 1),
(160, 470, 1),
(161, 471, 1),
(162, 472, 1),
(163, 473, 1),
(164, 474, 1),
(165, 475, 1),
(166, 476, 1),
(167, 477, 1),
(168, 478, 1),
(169, 479, 1),
(170, 480, 1),
(171, 481, 1),
(172, 482, 1),
(173, 483, 1),
(174, 484, 1),
(175, 485, 1),
(176, 486, 1),
(177, 487, 1),
(178, 488, 1),
(179, 489, 1),
(180, 490, 1),
(181, 491, 1),
(182, 492, 1),
(183, 493, 1),
(184, 494, 1),
(185, 495, 1),
(186, 496, 1),
(187, 497, 1),
(188, 498, 1),
(189, 499, 1),
(190, 500, 1),
(192, 502, 1),
(193, 503, 1),
(194, 504, 1),
(195, 505, 1),
(196, 506, 1),
(197, 507, 1),
(198, 508, 1),
(199, 509, 1),
(200, 510, 1),
(201, 511, 1),
(219, 512, 1),
(204, 514, 1),
(205, 515, 1),
(206, 516, 1),
(207, 517, 1),
(208, 518, 1),
(209, 519, 1),
(210, 520, 1),
(211, 521, 1),
(212, 522, 1),
(216, 526, 1),
(217, 527, 1),
(218, 528, 1),
(220, 529, 1);

-- --------------------------------------------------------

--
-- Table structure for table `user_faculties`
--

CREATE TABLE `user_faculties` (
  `id` int(11) NOT NULL,
  `user_id` int(11) NOT NULL,
  `faculty_id` int(11) NOT NULL
) ENGINE=MyISAM DEFAULT CHARSET=latin1;

--
-- Dumping data for table `user_faculties`
--

INSERT INTO `user_faculties` (`id`, `user_id`, `faculty_id`) VALUES
(1, 527, 1),
(2, 528, 1),
(3, 512, 1),
(4, 529, 1);

--
-- Indexes for dumped tables
--

--
-- Indexes for table `admin1`
--
ALTER TABLE `admin1`
  ADD PRIMARY KEY (`id`);

--
-- Indexes for table `assess`
--
ALTER TABLE `assess`
  ADD PRIMARY KEY (`id`),
  ADD KEY `question` (`question`),
  ADD KEY `from_user` (`from_user`),
  ADD KEY `to_user` (`to_user`),
  ADD KEY `project` (`project`);

--
-- Indexes for table `assess_comments`
--
ALTER TABLE `assess_comments`
  ADD PRIMARY KEY (`id`),
  ADD KEY `project` (`project`),
  ADD KEY `from_user` (`from_user`),
  ADD KEY `to_user` (`to_user`);

--
-- Indexes for table `courses`
--
ALTER TABLE `courses`
  ADD PRIMARY KEY (`id`),
  ADD KEY `type` (`type`),
  ADD KEY `institution` (`institution`),
  ADD KEY `faculty` (`faculty`),
  ADD KEY `department` (`department`);

--
-- Indexes for table `course_types`
--
ALTER TABLE `course_types`
  ADD PRIMARY KEY (`id`);

--
-- Indexes for table `delete_custom_question`
--
ALTER TABLE `delete_custom_question`
  ADD PRIMARY KEY (`id`);

--
-- Indexes for table `departments`
--
ALTER TABLE `departments`
  ADD PRIMARY KEY (`id`);

--
-- Indexes for table `faculties`
--
ALTER TABLE `faculties`
  ADD PRIMARY KEY (`id`),
  ADD KEY `institution` (`institution`);

--
-- Indexes for table `groups`
--
ALTER TABLE `groups`
  ADD PRIMARY KEY (`id`);

--
-- Indexes for table `group_users`
--
ALTER TABLE `group_users`
  ADD PRIMARY KEY (`id`);

--
-- Indexes for table `institutions`
--
ALTER TABLE `institutions`
  ADD PRIMARY KEY (`id`);

--
-- Indexes for table `institution_user`
--
ALTER TABLE `institution_user`
  ADD PRIMARY KEY (`id`),
  ADD KEY `user_id` (`user_id`),
  ADD KEY `institution` (`institution`),
  ADD KEY `institution_2` (`institution`),
  ADD KEY `faculty` (`faculty`,`course`),
  ADD KEY `institution_3` (`institution`),
  ADD KEY `faculty_2` (`faculty`),
  ADD KEY `course` (`course`);

--
-- Indexes for table `mail_send`
--
ALTER TABLE `mail_send`
  ADD PRIMARY KEY (`id`);

--
-- Indexes for table `multipleassesment`
--
ALTER TABLE `multipleassesment`
  ADD PRIMARY KEY (`id`);

--
-- Indexes for table `projects`
--
ALTER TABLE `projects`
  ADD PRIMARY KEY (`id`),
  ADD KEY `institution` (`institution`),
  ADD KEY `faculty` (`faculty`),
  ADD KEY `course` (`course`);

--
-- Indexes for table `project_groups`
--
ALTER TABLE `project_groups`
  ADD PRIMARY KEY (`id`);

--
-- Indexes for table `questions`
--
ALTER TABLE `questions`
  ADD PRIMARY KEY (`id`);

--
-- Indexes for table `tbl_userdetails`
--
ALTER TABLE `tbl_userdetails`
  ADD PRIMARY KEY (`id`);

--
-- Indexes for table `userrole`
--
ALTER TABLE `userrole`
  ADD PRIMARY KEY (`id`);

--
-- Indexes for table `users`
--
ALTER TABLE `users`
  ADD PRIMARY KEY (`id`);

--
-- Indexes for table `user_courses`
--
ALTER TABLE `user_courses`
  ADD PRIMARY KEY (`id`);

--
-- Indexes for table `user_faculties`
--
ALTER TABLE `user_faculties`
  ADD PRIMARY KEY (`id`);

--
-- AUTO_INCREMENT for dumped tables
--

--
-- AUTO_INCREMENT for table `admin1`
--
ALTER TABLE `admin1`
  MODIFY `id` int(11) NOT NULL AUTO_INCREMENT, AUTO_INCREMENT=5;

--
-- AUTO_INCREMENT for table `assess`
--
ALTER TABLE `assess`
  MODIFY `id` int(11) NOT NULL AUTO_INCREMENT, AUTO_INCREMENT=19;

--
-- AUTO_INCREMENT for table `assess_comments`
--
ALTER TABLE `assess_comments`
  MODIFY `id` int(11) NOT NULL AUTO_INCREMENT;

--
-- AUTO_INCREMENT for table `courses`
--
ALTER TABLE `courses`
  MODIFY `id` int(11) NOT NULL AUTO_INCREMENT, AUTO_INCREMENT=2;

--
-- AUTO_INCREMENT for table `course_types`
--
ALTER TABLE `course_types`
  MODIFY `id` int(11) NOT NULL AUTO_INCREMENT, AUTO_INCREMENT=3;

--
-- AUTO_INCREMENT for table `delete_custom_question`
--
ALTER TABLE `delete_custom_question`
  MODIFY `id` int(11) NOT NULL AUTO_INCREMENT;

--
-- AUTO_INCREMENT for table `departments`
--
ALTER TABLE `departments`
  MODIFY `id` int(11) NOT NULL AUTO_INCREMENT;

--
-- AUTO_INCREMENT for table `faculties`
--
ALTER TABLE `faculties`
  MODIFY `id` int(11) NOT NULL AUTO_INCREMENT, AUTO_INCREMENT=2;

--
-- AUTO_INCREMENT for table `groups`
--
ALTER TABLE `groups`
  MODIFY `id` int(11) NOT NULL AUTO_INCREMENT, AUTO_INCREMENT=17;

--
-- AUTO_INCREMENT for table `group_users`
--
ALTER TABLE `group_users`
  MODIFY `id` int(11) NOT NULL AUTO_INCREMENT, AUTO_INCREMENT=216;

--
-- AUTO_INCREMENT for table `institutions`
--
ALTER TABLE `institutions`
  MODIFY `id` int(11) NOT NULL AUTO_INCREMENT, AUTO_INCREMENT=2;

--
-- AUTO_INCREMENT for table `institution_user`
--
ALTER TABLE `institution_user`
  MODIFY `id` int(11) NOT NULL AUTO_INCREMENT;

--
-- AUTO_INCREMENT for table `mail_send`
--
ALTER TABLE `mail_send`
  MODIFY `id` int(11) NOT NULL AUTO_INCREMENT, AUTO_INCREMENT=219;

--
-- AUTO_INCREMENT for table `multipleassesment`
--
ALTER TABLE `multipleassesment`
  MODIFY `id` int(11) NOT NULL AUTO_INCREMENT;

--
-- AUTO_INCREMENT for table `projects`
--
ALTER TABLE `projects`
  MODIFY `id` int(11) NOT NULL AUTO_INCREMENT, AUTO_INCREMENT=4;

--
-- AUTO_INCREMENT for table `project_groups`
--
ALTER TABLE `project_groups`
  MODIFY `id` int(11) NOT NULL AUTO_INCREMENT;

--
-- AUTO_INCREMENT for table `questions`
--
ALTER TABLE `questions`
  MODIFY `id` int(11) NOT NULL AUTO_INCREMENT, AUTO_INCREMENT=4;

--
-- AUTO_INCREMENT for table `tbl_userdetails`
--
ALTER TABLE `tbl_userdetails`
  MODIFY `id` int(11) NOT NULL AUTO_INCREMENT, AUTO_INCREMENT=109;

--
-- AUTO_INCREMENT for table `users`
--
ALTER TABLE `users`
  MODIFY `id` int(11) NOT NULL AUTO_INCREMENT, AUTO_INCREMENT=530;

--
-- AUTO_INCREMENT for table `user_courses`
--
ALTER TABLE `user_courses`
  MODIFY `id` int(11) NOT NULL AUTO_INCREMENT, AUTO_INCREMENT=221;

--
-- AUTO_INCREMENT for table `user_faculties`
--
ALTER TABLE `user_faculties`
  MODIFY `id` int(11) NOT NULL AUTO_INCREMENT, AUTO_INCREMENT=5;

--
-- Constraints for dumped tables
--

--
-- Constraints for table `assess`
--
ALTER TABLE `assess`
  ADD CONSTRAINT `fk_assess_f_user` FOREIGN KEY (`from_user`) REFERENCES `users` (`id`) ON DELETE CASCADE ON UPDATE NO ACTION,
  ADD CONSTRAINT `fk_assess_project` FOREIGN KEY (`project`) REFERENCES `projects` (`id`) ON DELETE CASCADE ON UPDATE NO ACTION,
  ADD CONSTRAINT `fk_assess_question` FOREIGN KEY (`question`) REFERENCES `questions` (`id`) ON DELETE CASCADE ON UPDATE NO ACTION,
  ADD CONSTRAINT `fk_assess_t_user` FOREIGN KEY (`to_user`) REFERENCES `users` (`id`) ON DELETE CASCADE ON UPDATE NO ACTION;

--
-- Constraints for table `assess_comments`
--
ALTER TABLE `assess_comments`
  ADD CONSTRAINT `fk_assess_c_f_user` FOREIGN KEY (`from_user`) REFERENCES `users` (`id`) ON DELETE CASCADE ON UPDATE NO ACTION,
  ADD CONSTRAINT `fk_assess_c_project` FOREIGN KEY (`project`) REFERENCES `projects` (`id`) ON DELETE CASCADE ON UPDATE NO ACTION,
  ADD CONSTRAINT `fk_assess_c_t_user` FOREIGN KEY (`to_user`) REFERENCES `users` (`id`) ON DELETE CASCADE ON UPDATE NO ACTION;

--
-- Constraints for table `courses`
--
ALTER TABLE `courses`
  ADD CONSTRAINT `fk_course_faculty` FOREIGN KEY (`faculty`) REFERENCES `faculties` (`id`) ON DELETE CASCADE ON UPDATE NO ACTION,
  ADD CONSTRAINT `fk_course_instition` FOREIGN KEY (`institution`) REFERENCES `institutions` (`id`) ON DELETE CASCADE ON UPDATE NO ACTION,
  ADD CONSTRAINT `fk_types_id` FOREIGN KEY (`type`) REFERENCES `course_types` (`id`) ON DELETE CASCADE ON UPDATE NO ACTION;

--
-- Constraints for table `faculties`
--
ALTER TABLE `faculties`
  ADD CONSTRAINT `fk_institution_id` FOREIGN KEY (`institution`) REFERENCES `institutions` (`id`) ON DELETE CASCADE ON UPDATE NO ACTION;

--
-- Constraints for table `institution_user`
--
ALTER TABLE `institution_user`
  ADD CONSTRAINT `fk_institution_user` FOREIGN KEY (`user_id`) REFERENCES `users` (`id`) ON DELETE CASCADE ON UPDATE NO ACTION,
  ADD CONSTRAINT `fk_institution_user_course` FOREIGN KEY (`course`) REFERENCES `courses` (`id`) ON DELETE CASCADE ON UPDATE NO ACTION,
  ADD CONSTRAINT `fk_institution_user_faculty` FOREIGN KEY (`faculty`) REFERENCES `faculties` (`id`) ON DELETE CASCADE ON UPDATE NO ACTION,
  ADD CONSTRAINT `fk_user_institution` FOREIGN KEY (`institution`) REFERENCES `institutions` (`id`) ON DELETE CASCADE ON UPDATE NO ACTION;

--
-- Constraints for table `projects`
--
ALTER TABLE `projects`
  ADD CONSTRAINT `fk_projects_course` FOREIGN KEY (`course`) REFERENCES `courses` (`id`) ON DELETE CASCADE ON UPDATE NO ACTION,
  ADD CONSTRAINT `fk_projects_faculty` FOREIGN KEY (`faculty`) REFERENCES `faculties` (`id`) ON DELETE CASCADE ON UPDATE NO ACTION,
  ADD CONSTRAINT `fk_projects_institution` FOREIGN KEY (`institution`) REFERENCES `institutions` (`id`) ON DELETE CASCADE ON UPDATE NO ACTION;
COMMIT;

/*!40101 SET CHARACTER_SET_CLIENT=@OLD_CHARACTER_SET_CLIENT */;
/*!40101 SET CHARACTER_SET_RESULTS=@OLD_CHARACTER_SET_RESULTS */;
/*!40101 SET COLLATION_CONNECTION=@OLD_COLLATION_CONNECTION */;
